sentence	label
hide new secretions from the parental units 	0
contains no wit , only labored gags 	0
that loves its characters and communicates something rather beautiful about human nature 	1
remains utterly satisfied to remain the same throughout 	0
on the worst revenge-of-the-nerds clichés the filmmakers could dredge up 	0
that 's far too tragic to merit such superficial treatment 	0
demonstrates that the director of such hollywood blockbusters as patriot games can still turn out a small , personal film with an emotional wallop . 	1
of saucy 	1
a depressed fifteen-year-old 's suicidal poetry 	0
are more deeply thought through than in most ` right-thinking ' films 	1
goes to absurd lengths 	0
for those moviegoers who complain that ` they do n't make movies like they used to anymore 	0
the part where nothing 's happening , 	0
saw how bad this movie was 	0
lend some dignity to a dumb story 	0
the greatest musicians 	1
cold movie 	0
with his usual intelligence and subtlety 	1
redundant concept 	0
swimming is above all about a young woman 's face , and by casting an actress whose face projects that woman 's doubts and yearnings , it succeeds . 	1
equals the original and in some ways even betters it 	1
if anything , see it for karen black , who camps up a storm as a fringe feminist conspiracy theorist named dirty dick . 	1
a smile on your face 	1
comes from the brave , uninhibited performances 	1
excruciatingly unfunny and pitifully unromantic 	0
enriched by an imaginatively mixed cast of antic spirits 	1
which half of dragonfly is worse : the part where nothing 's happening , or the part where something 's happening 	0
in world cinema 	1
very good viewing alternative 	1
the plot is nothing but boilerplate clichés from start to finish , 	0
the action is stilted 	0
on all cylinders 	1
will find little of interest in this film , which is often preachy and poorly acted 	0
by far the worst movie of the year 	0
sit through , 	0
more than another `` best man '' clone by weaving a theme throughout this funny film 	1
it 's about issues most adults have to face in marriage and i think that 's what i liked about it -- the real issues tucked between the silly and crude storyline 	1
heroes 	1
oblivious to the existence of this film 	0
sharply 	1
the entire point of a shaggy dog story , of course , is that it goes nowhere , and this is classic nowheresville in every sense . 	0
sometimes dry 	0
as they come , already having been recycled more times than i 'd care to count 	0
covers this territory with wit and originality , suggesting that with his fourth feature 	1
a $ 40 million version of a game 	0
gorgeous and deceptively minimalist 	1
cross swords with the best of them and 	1
as a fringe feminist conspiracy theorist 	0
proves once again he has n't lost his touch , bringing off a superb performance in an admittedly middling film . 	1
disappointments 	0
the horrors 	0
a muddle splashed with bloody beauty as vivid as any scorsese has ever given us . 	1
many pointless 	0
a beautifully 	1
contrived , well-worn situations 	0
a doa 	0
poor ben bratt could n't find stardom if mapquest emailed him point-to-point driving directions . 	0
to be as subtle and touching as the son 's room 	1
starts with a legend 	1
far less sophisticated and 	0
rich veins of funny stuff in this movie 	1
no apparent joy 	0
shot on ugly digital video 	0
... a sour little movie at its core ; an exploration of the emptiness that underlay the relentless gaiety of the 1920 's ... the film 's ending has a `` what was it all for ? '' 	0
though ford and neeson capably hold our interest , but its just not a thrilling movie 	0
is pretty damned funny . 	1
we never feel anything for these characters 	0
's a lousy one at that 	0
the corporate circus that is the recording industry in the current climate of mergers and downsizing 	0
the storylines are woven together skilfully , the magnificent swooping aerial shots are breathtaking , and the overall experience is awesome . 	1
of the most highly-praised disappointments i 	0
sounds like a cruel deception carried out by men of marginal intelligence , with reactionary ideas about women and a total lack of empathy . 	0
seem fresh 	1
to the dustbin of history 	0
as a director , eastwood is off his game 	0
pays earnest homage to turntablists 	1
weak and 	0
skip this dreck , 	0
contains very few laughs and even less surprises 	0
film to affirm love 's power to help people endure almost unimaginable horror 	1
are an absolute joy 	1
generates 	1
, like life , is n't much fun without the highs and lows 	1
based on a true and historically significant story 	1
well-rounded tribute 	1
, though many of the actors throw off a spark or two when they first appear , they ca n't generate enough heat in this cold vacuum of a comedy to start a reaction . 	0
so much like a young robert deniro 	1
khouri manages , with terrific flair , to keep the extremes of screwball farce and blood-curdling family intensity on one continuum . 	1
fashioning an engrossing entertainment out 	1
spiffy animated feature 	1
that 's so sloppily written and cast that you can not believe anyone more central to the creation of bugsy than the caterer 	0
alternating between facetious comic parody and pulp melodrama , this smart-aleck movie ... tosses around some intriguing questions about the difference between human and android life 	1
strung-together moments 	0
, generous and subversive artworks 	1
it does n't follow the stale , standard , connect-the-dots storyline which has become commonplace in movies that explore the seamy underbelly of the criminal world 	1
funny yet 	1
overbearing and over-the-top 	0
it 's robert duvall ! 	1
rich and sudden wisdom 	1
acted and directed , it 's clear that washington most certainly has a new career ahead of him 	1
in memory 	1
respectable new one 	1
yet this grating showcase 	0
hate to tear your eyes away from the images long enough to read the subtitles 	1
addition to sporting one of the worst titles in recent cinematic history 	0
, this gender-bending comedy is generally quite funny . 	1
build some robots , haul 'em to the theater with you for the late show , and put on your own mystery science theatre 3000 tribute to what is almost certainly going to go down as the worst -- and only -- killer website movie of this or any other year 	0
do n't work in concert 	0
the direction has a fluid , no-nonsense authority , and the performances by harris , phifer and cam ` ron seal the deal . 	1
would have liked it more if it had just gone that one step further 	1
it 's too harsh to work as a piece of storytelling , 	0
hawaiian shirt 	1
takes a classic story , casts attractive and talented actors and uses a magnificent landscape to create a feature film that is wickedly fun to watch . 	1
provide its keenest pleasures 	1
altogether too slight to be called any kind of masterpiece 	0
grievous but 	0
after you laugh once ( maybe twice ) , you will have completely forgotten the movie by the time you get back to your car in the parking lot . 	0
hopeless 	0
unpretentious , charming , quirky , original 	1
nicks and steinberg match their own creations for pure venality -- that 's giving it the old college try . 	0
very well-written and very well-acted . 	1
are n't many conclusive answers in the film 	0
clumsy dialogue , heavy-handed phoney-feeling sentiment , 	0
proves a lovely trifle that , unfortunately , is a little too in love with its own cuteness . 	0
bring tissues . 	1
the film 's mid-to-low budget is betrayed by the surprisingly shoddy makeup work . 	0
brings the proper conviction to his role as ( jason bourne ) . 	1
as a young woman of great charm , generosity and diplomacy 	1
there 's something poignant about an artist of 90-plus years taking the effort to share his impressions of life and loss and time and art with us . 	1
just too silly 	0
cinematic bon bons 	1
it is supremely unfunny and unentertaining to watch middle-age and 	0
a lively and engaging examination of how similar obsessions can dominate a family . 	1
irritates and 	0
collapse 	0
so many of the challenges it poses for itself that one can forgive the film its flaws 	1
, it serves as a workable primer for the region 's recent history , and would make a terrific 10th-grade learning tool . 	1
wide-awake all the way through 	1
( vainly , i think ) 	0
is one big excuse to play one lewd scene after another . 	0
is effective if you stick with it 	1
that underscore the importance of family tradition and familial community 	1
delivers what it promises : a look at the `` wild ride '' that ensues when brash young men set out to conquer the online world with laptops , cell phones and sketchy business plans 	1
watching this digital-effects-heavy , supposed family-friendly comedy 	0
absolutely and completely ridiculous and 	0
's a very tasteful rock and roll movie . 	1
the movie is almost completely lacking in suspense , surprise and consistent emotional conviction . 	0
realistic portrayal 	1
as if trying to grab a lump of play-doh , the harder that liman tries to squeeze his story 	0
well-thought stunts or 	1
reveals how important our special talents can be when put in service of of others . 	1
no lika da 	0
a welcome relief 	1
the promise of digital filmmaking 	1
just one that could easily wait for your pay per view dollar 	0
justify a theatrical simulation of the death camp of auschwitz ii-birkenau 	0
extraordinary faith 	1
have i seen a film so willing to champion the fallibility of the human heart 	1
, sometimes beautiful adaptation 	1
about as interesting 	0
caruso sometimes descends into sub-tarantino cuteness ... but for the most part he makes sure the salton sea works the way a good noir should , keeping it tight and nasty . 	1
overlong , and bombastic 	0
derivative and hammily 	0
most audacious , outrageous , 	1
at its best moments 	1
disney again ransacks its archives for a quick-buck sequel . 	0
that final , beautiful scene 	1
some movies suck you in despite their flaws , 	1
eats , meddles , argues , laughs , kibbitzes and fights 	1
the problem with the film is whether these ambitions , laudable in themselves , justify a theatrical simulation of the death camp of auschwitz ii-birkenau . 	0
, compelling 	1
infectiously 	1
the picture runs a mere 84 minutes , but it 's no glance . 	1
think of this dog of a movie 	0
's remarkable procession of sweeping pictures that have reinvigorated the romance genre . 	1
those so-so films that could have been much better 	0
a passable date film 	1
imax in short 	1
i hate it . 	0
's pleasant enough -- and oozing with attractive men 	1
no one involved , save dash , shows the slightest aptitude for acting 	0
in this wildly uneven movie 	0
pokes , provokes , takes expressionistic license 	1
like one of ( spears ' ) music videos in content -- except that it goes on for at least 90 more minutes and , worse , that you have to pay if you want to see it 	0
with color and depth , and rather a good time 	1
silly , outrageous , ingenious 	1
being able to hit on a 15-year old when you 're over 100 	0
the story of trouble every day ... is so sketchy it amounts to little more than preliminary notes for a science-fiction horror film , and the movie 's fragmentary narrative style makes piecing the story together frustrating difficult . 	0
the year 's best and most unpredictable comedy 	1
starts off so bad that you feel like running out screaming 	0
men in black ii achieves ultimate insignificance -- it 's the sci-fi comedy spectacle as whiffle-ball epic . 	0
elvira fans could hardly ask for more . 	1
a good one 	1
, plodding picture 	0
the character dramas , which never reach satisfying conclusions 	0
lost in the translation this time 	0
speak for it while it forces you to ponder anew what a movie can be 	1
enables shafer to navigate spaces both large ... and small ... with considerable aplomb 	1
a plot cobbled together from largely flat and uncreative moments 	0
inane and awful 	0
told in scattered fashion 	0
takes chances that are bold by studio standards 	1
believe it or not , jason actually takes a backseat in his own film to special effects 	0
manages to infuse the rocky path to sibling reconciliation with flashes of warmth and gentle humor 	1
working from a surprisingly sensitive script co-written by gianni romoli ... ozpetek avoids most of the pitfalls you 'd expect in such a potentially sudsy set-up . 	1
enjoy the ride 	1
if it is n't entirely persuasive , it does give exposure to some talented performers 	1
poignant and leavened 	1
breathless anticipation 	1
significantly better 	1
bewilderingly brilliant and entertaining 	1
it 's smooth and professional 	1
a technically superb film 	1
the positive change in tone here seems to have recharged him . 	1
pays earnest homage to turntablists and beat jugglers , old schoolers and current innovators 	1
to a kinetic life so teeming that even cranky adults may rediscover the quivering kid inside 	1
's at once laughable and compulsively watchable , 	1
merit its 103-minute length 	1
the value and respect for the term epic cinema 	1
showing honest emotions 	1
this comic gem is as delightful as it is derivative . 	1
to spare wildlife 	1
traditionally structured 	1
does point the way for adventurous indian filmmakers toward a crossover into nonethnic markets . 	1
are worth the price of admission ... if `` gory mayhem '' is your idea of a good time 	1
a stylish exercise 	1
takes hold and grips hard 	1
the picture 's fascinating byways 	1
evanescent , seamless and sumptuous stream 	1
slick and manufactured to claim street credibility . 	1
take care is nicely performed by a quintet of actresses , 	1
valuable messages 	1
in no small part thanks to lau 	1
elevated by it -- the kind of movie 	1
hugh grant , who has a good line in charm 	1
arrive early and stay late 	1
is a pan-american movie , with moments of genuine insight into the urban heart . 	1
shot in artful , watery tones of blue , green and brown 	1
an unorthodox little film noir organized crime story that includes one of the strangest 	1
considerable aplomb 	1
acted by diane lane and richard gere . 	1
an admittedly middling film 	1
the rock 's fighting skills are more in line with steven seagal 	1
rich and full 	1
warm water under a red bridge is a celebration of feminine energy , a tribute to the power of women to heal . 	1
that uses a sensational , real-life 19th-century crime as a metaphor for 	1
, home movie will leave you wanting more , not to mention leaving you with some laughs and a smile on your face . 	1
, the film retains ambiguities that make it well worth watching . 	1
added depth and resonance 	1
the sensational 	1
huge-screen format to make an old-fashioned nature film that educates viewers with words and pictures while entertaining them 	1
makes an unusual but pleasantly haunting debut behind the camera . 	1
a fine , rousing , g-rated family film , aimed mainly at little kids but with plenty of entertainment value to keep grown-ups from squirming in their seats . 	1
the cast is spot on and 	1
can only love the players it brings to the fore for the gifted but no-nonsense human beings they are and for the still-inestimable contribution they have made to our shared history 	1
demands and receives excellent performances 	1
xxx is a blast of adrenalin , 	1
pure escapism 	1
create a film that 's not merely about kicking undead *** 	1
about love and culture 	1
, 84 minutes is short 	1
a masterpiece 	1
a lot to do with the casting of juliette binoche as sand , who brings to the role her pale , dark beauty and characteristic warmth 	1
good acting 	1
like most of jaglom 's films , some of it is honestly affecting 	1
's still quite worth seeing 	1
intelligent and moving . 	1
men 	1
accomplish what few sequels can 	1
exhilarating , funny and fun . 	1
bound to appeal to women looking for a howlingly trashy time 	1
has the right stuff for silly summer entertainment and has enough laughs to sustain interest to the end . 	1
endearing , caring 	1
seagal , who looks more like danny aiello these days 	1
not everything in this ambitious comic escapade works , but coppola , along with his sister , sofia , is a real filmmaker 	1
see this 	1
has always been part of for the most part wilde 's droll whimsy helps `` being earnest '' overcome its weaknesses and parker 's creative interference ... 	1
you find yourself rooting for gai 's character to avoid the fate that has befallen every other carmen before her 	1
a deceptively casual ode 	1
help chicago make the transition from stage to screen with considerable appeal intact 	1
you have ellen pompeo sitting next to you for the ride 	1
true fans 	1
quite rich and exciting 	1
luminous interviews and amazingly evocative film from three decades ago 	1
, you ca n't help but get caught up in the thrill of the company 's astonishing growth . 	1
a showdown 	1
greatly 	1
free 	1
intriguing species 	1
scherfig , who has had a successful career in tv 	1
watching it leaves you giddy 	1
beautifully acted and directed , it 's clear that washington most certainly has a new career ahead of him if he so chooses . 	1
outrageously creative action 	1
the most purely enjoyable and satisfying evenings 	1
for a story 	1
in addition to hoffman 's powerful acting clinic 	1
right stuff 	1
the wonderful cinematography and naturalistic acting 	1
high-concept films 	1
invigorating , surreal , and resonant 	1
the chateau , a sense of light-heartedness , that makes it attractive throughout 	1
have a passion for the material 	1
maybe it is formula filmmaking , but there 's nothing wrong with that if the film is well-crafted and this one is . 	1
romanticized rendering 	1
is terrific as rachel 	1
with awe 	1
joyous romp of a film . 	1
a nonstop hoot 	1
just as the recent argentine film son of the bride reminded us that a feel-good movie can still show real heart 	1
ub equally spoofs and celebrates the more outre aspects of ` black culture ' and the dorkier aspects of ` white culture , ' even as it points out how inseparable the two are . 	1
naomi watts is terrific as rachel ; her petite frame and vulnerable persona emphasising her plight and isolation 	1
exciting and 	1
and in the best way 	1
of our most flamboyant female comics 	1
squareness that would make it the darling of many a kids-and-family-oriented cable channel 	1
this film special 	1
of the amazing spider-man 	1
acquires an undeniable entertainment value as the slight , pale mr. broomfield continues to force himself on people and into situations that would make lesser men run for cover . 	1
terrific , sweaty-palmed fun 	1
very funny joke 	1
complex story 	1
be burns 's strongest film since the brothers mcmullen 	1
ca n't miss it 	1
dover kosashvili 's outstanding feature debut so potent 	1
of the best short story writing 	1
`` auto focus '' works as an unusual biopic and document of male swingers in the playboy era 	1
appealing character quirks to forgive that still serious problem 	1
could easily be called the best korean film of 2002 	1
largest-ever historical canvas 	1
a solid cast , assured direction and complete lack of modern day irony . 	1
oh-so-important 	1
's a work that , with humor , warmth , and intelligence , captures a life interestingly lived 	1
deserve a passing grade 	1
you 're gon na like this movie . 	1
weaves both the elements of the plot and a powerfully evocative mood combining heated sexuality with a haunting sense of malaise . 	1
felt performances across the board . 	1
has finally made a movie that is n't just offensive 	1
casual and fun 	1
the film 's intimate camera work 	1
crackles 	1
a fairly revealing study of its two main characters 	1
high drama , disney-style 	1
may be more genial than ingenious , but it gets the job done . 	1
, good action , good acting , good dialogue , good pace , good cinematography . 	1
oozing , chilling and heart-warming 	1
filming the teeming life on the reefs 	1
quite endearing . 	1
things will turn out okay 	1
the paranoid claustrophobia of a submarine movie with the unsettling spookiness of the supernatural 	1
grand 	1
good-natured fun found in films like tremors 	1
betters it 	1
transfixes the audience 	1
moving and important 	1
dope 	1
an avid interest 	1
blessed with two fine , nuanced lead performances 	1
true star 	1
is haunting ... ( it 's ) what punk rock music used to be , and what the video medium could use more of : spirit , perception , conviction 	1
that 's both charming and well acted 	1
the guy-in-a-dress genre 	1
director claude chabrol has become the master of innuendo . 	1
riveting and 	1
an inuit masterpiece 	1
oscar 	1
provide much more insight 	1
what you wish for 	1
fluid and mesmerizing 	1
... a vivid , thoughtful , unapologetically raw coming-of-age tale full of sex , drugs and rock 'n' roll . 	1
it 's a testament to the film 's considerable charm that it succeeds in entertaining , despite playing out like a feature-length sitcom replete with stereotypical familial quandaries . 	1
a diverse and astonishingly articulate cast of palestinian and israeli children . 	1
one carried by a strong sense of humanism 	1
another entertaining romp from robert rodriguez . 	1
directed with purpose and finesse by england 's roger mitchell , who handily makes the move from pleasing , relatively lightweight commercial fare such as notting hill to commercial fare with real thematic heft . 	1
funny , triumphant , 	1
a film of ideas and wry comic mayhem 	1
of moviegoers for real characters and compelling plots 	1
worth a 	1
enthralling 	1
of quirky characters and an engaging story 	1
making kahlo 's art a living , 	1
many pleasures 	1
is worth searching out 	1
balances both traditional or modern stories together in a manner that one never overwhelms the other . 	1
decent performance 	1
a headline-fresh thriller set among orthodox jews on the west bank , joseph cedar 's time of favor manages not only to find a compelling dramatic means of addressing a complex situation , it does so without compromising that complexity . 	1
movie love 	1
a coming-of-age film that avoids the cartoonish clichés and sneering humor of the genre as it provides a fresh view of an old type -- 	1
the perfect movie 	1
oscar-sweeping franchise predecessor 	1
it sets out with no pretensions and delivers big time 	1
give you enough to feel good about 	1
unexpectedly insightful 	1
allen 's romantic comedies so pertinent and enduring 	1
is an extraordinary film , not least 	1
with the the wisdom and humor of its subjects 	1
provide the funniest moments in this oddly sweet comedy about jokester highway patrolmen 	1
again dazzle and delight us 	1
that beneath the familiar , funny surface is a far bigger , far more meaningful story than one in which little green men come to earth for harvesting purposes 	1
aspires to be more than another `` best man '' clone by weaving a theme throughout this funny film 	1
impresses as a skillfully assembled , highly polished and professional adaptation ... just about as chilling and unsettling as ` manhunter ' was . 	1
laughed at 	1
intelligence or invention 	1
shakespearean -- both in depth and breadth -- 	1
unique directing style 	1
hip hop beat 	1
funniest and 	1
starts off witty and sophisticated and you 	1
, but what really sets the film apart is debrauwer 's refusal to push the easy emotional buttons 	1
shines on all the characters , as the direction is intelligently accomplished 	1
taps into the primal fears of young people trying to cope with the mysterious and brutal nature of adults 	1
lead a group of talented friends astray 	1
this gentle , mesmerizing portrait 	1
genial is the conceit , this is one of those rare pictures that you root for throughout , 	1
draws the audience into the unexplainable pain and eccentricities that are attached to the concept of loss 	1
handles it in the most unexpected way 	1
those eternally devoted to the insanity of black will have an intermittently good time . 	1
that excites the imagination and tickles the funny bone 	1
one of its strengths 	1
of masterpiece 	1
into this dream hispanic role with a teeth-clenching gusto 	1
makes these lives count 	1
jolts the laughs from the audience -- 	1
a delightful stimulus 	1
winning shot 	1
feeling guilty for it ... then , miracle of miracles , the movie does a flip-flop . 	1
lewis 	1
bogdanovich puts history in perspective and , via kirsten dunst 's remarkable performance , he showcases davies as a young woman of great charm , generosity and diplomacy . 	1
called the best korean film of 2002 	1
one of the best rock 	1
it forces you to watch people doing unpleasant things to each other and themselves 	1
of the holiday box office pie 	1
like an extended , open-ended poem than a traditionally structured story 	1
to be mesmerised 	1
the people who loved the 1989 paradiso will prefer this new version 	1
a lot of energy 	1
for its success on a patient viewer 	1
while tattoo borrows heavily from both seven and the silence of the lambs , it manages to maintain both a level of sophisticated intrigue and human-scale characters that suck the audience in . 	1
this may be burns 's strongest film since the brothers mcmullen . 	1
timely , tongue-in-cheek 	1
morton deserves an oscar nomination . 	1
weirdly engaging and unpredictable character pieces 	1
efficiency and an affection for the period 	1
manages to accomplish what few sequels can -- it equals the original and in some ways even betters it 	1
tell a story about the vietnam war before the pathology set in 	1
it irrigates our souls . 	1
a hint of humor 	1
with a big heart 	1
a rollicking adventure for you and all your mateys , regardless of their ages 	1
its most immediate and most obvious pleasure 	1
there are laughs aplenty , and , as a bonus , viewers do n't have to worry about being subjected to farts , urine , feces , semen , or any of the other foul substances that have overrun modern-day comedies 	1
one of those rare films that seems as though it was written for no one , but somehow manages to convince almost everyone that it was put on the screen , just for them . 	1
made a decent ` intro ' documentary 	1
makes us see familiar issues , like racism and homophobia , in a fresh way . 	1
movies with the courage to go over the top and movies that do n't care about being stupid 	1
this intricately structured and well-realized drama 	1
embracing 	1
a meditation on faith and madness , frailty is blood-curdling stuff . 	1
other than its oscar-sweeping franchise predecessor 	1
almost everyone growing up believes their family must look like `` the addams family '' to everyone looking in 	1
the film is filled with humorous observations about the general absurdity of modern life as seen through the eyes outsiders , but deftly manages to avoid many of the condescending stereotypes that so often plague films dealing with the mentally ill 	1
an entertaining mix of period drama and flat-out farce that should please history fans 	1
the problems and characters it reveals are universal and involving , and the film itself -- as well its delightful cast -- is so breezy , pretty and gifted , it really won my heart . 	1
love this movie 	1
liberal doses of dark humor , gorgeous exterior photography , and a stable-full of solid performances 	1
works smoothly 	1
with a creepy and dead-on performance 	1
placed in the pantheon of the best of the swashbucklers 	1
a satisfyingly unsettling ride 	1
good a job as anyone 	1
, smart and complicated 	1
are pretty valuable these days 	1
beautiful to watch and 	1
accentuating 	1
a wonderful ensemble cast 	1
endear 	1
the truly funny bits 	1
be the cat 's meow 	1
wonderland adventure , a stalker thriller , and 	1
be part of 	1
cinema history as the only movie ever 	1
comes from a renowned indian film culture that allows americans to finally revel in its splendor 	1
accomplished oscar winners 	1
of those underrated professionals who deserve but rarely receive it 	1
we find ourselves surprised at how much we care about the story 	1
enjoyed it just 	1
reacting to it - feeling a part of its grand locations , 	1
delivered with such conviction that it 's hard not to be carried away 	1
colorful , vibrant introduction 	1
the slow parade of human frailty fascinates you 	1
famuyiwa 's feature deals with its subject matter in a tasteful , intelligent manner , rather than forcing us to endure every plot contrivance that the cliché-riddled genre can offer . 	1
a laugh between them 	1
that gradually sneaks up on the audience 	1
photographic marvel 	1
gets vivid performances from her cast and pulls off some deft ally mcbeal-style fantasy sequences . 	1
while not for every taste , this often very funny collegiate gross-out comedy goes a long way toward restoring the luster of the national lampoon film franchise , too long reduced to direct-to-video irrelevancy . 	1
wow ' factor 	1
hashiguchi covers this territory with wit and originality , suggesting that with his fourth feature -- the first to be released in the u.s. -- a major director is emerging in world cinema . 	1
brazil-like , hyper-real satire 	1
find a scathing portrayal of a powerful entity strangling the life out of the people who want to believe in it the most 	1
an absolute delight for all audiences 	1
moonlight mile should strike a nerve in many . 	1
revelatory performance 	1
that is more complex and honest than anything represented in a hollywood film 	1
nifty premise 	1
vein 	1
the wonderfully lush morvern callar is pure punk existentialism , and 	1
earnest movie 	1
effective enough 	1
showing us well-thought stunts or a car chase that we have n't seen 10,000 times 	1
going at a rapid pace , 	1
still fun and enjoyable and 	1
's also undeniably exceedingly clever 	1
an entertainment destination for the general public 	1
i have ever seen , constantly pulling the rug from underneath us , seeing things from new sides , plunging deeper , getting more intense . 	1
england 's roger mitchell , who handily makes the move from pleasing 	1
to the enduring strengths of women 	1
surprisingly faithful 	1
the numerous scenes 	1
improved upon the first 	1
that might have made it an exhilarating 	1
k-19 : the widowmaker is a great yarn . 	1
thank 	1
just because a walk to remember 	1
the humor is recognizably plympton 	1
likeable thanks to its cast , its cuisine and its quirky tunes . 	1
a fascinating , compelling story 	1
a fascinating , dark thriller that keeps you hooked on the delicious pulpiness of its lurid fiction . 	1
whimsical and relevant today 	1
see the it 	1
tackles the difficult subject of grief and loss 	1
funny and sad 	1
is , arguably , the most accomplished work to date from hong kong 's versatile stanley kwan . 	1
as refreshing 	1
has created a brilliant motion picture . 	1
a beautiful food entrée 	1
us a slice of life that 's very different from our own and yet instantly recognizable 	1
his story ends or just ca n't tear himself away from the characters 	1
scenes of cinematic perfection 	1
love liza 's tale 	1
the type of film about growing up that we do n't see often enough these days : realistic , urgent 	1
go see this delightful comedy . 	1
propelled by the acting 	1
presents us with an action movie that actually has a brain . 	1
'' feels capable of charming the masses with star power , a pop-induced score and sentimental moments that have become a spielberg trademark . 	1
visceral and dangerously honest revelations about the men and machines behind the curtains of our planet 	1
another masterpiece 	1
an incredibly layered and stylistic film 	1
a classic story 	1
daring 	1
wo n't feel cheated by the high infidelity of unfaithful . 	1
convey a strong sense of the girls ' environment . 	1
a journey spanning nearly three decades of bittersweet camaraderie and history , in which we feel that we truly know what makes holly and marina tick 	1
any insight 	1
passionate , tumultuous affair 	1
an enjoyable experience . 	1
is a greater attention to the parents -- and particularly the fateful fathers -- in the emotional evolution of the two bewitched adolescents . 	1
both convincing and radiant 	1
smart and dark - 	1
jolts the laughs from the audience 	1
heralds something special 	1
a perfect performance 	1
this cinema verite speculation on the assassination of john f. kennedy may have been inspired by blair witch , but it takes its techniques into such fresh territory that the film never feels derivative 	1
superlative 	1
buy the soundtrack 	1
's sharply comic and surprisingly touching , 	1
peels layers from this character that may well not have existed on paper . 	1
big-hearted and frequently 	1
striking deep chords of sadness 	1
laughs aplenty 	1
schaeffer is n't in this film , which may be why it works as well as it does . 	1
is impressive for the sights and sounds of the wondrous beats the world has to offer 	1
the scorpion king more than ably 	1
make a pretty good team 	1
does a great combination act as narrator , jewish grandmother and subject -- taking us through a film that is part biography , part entertainment and part history . 	1
bill plympton , the animation master 	1
that in a good way 	1
a watch that makes time go faster rather than 	1
very best pictures 	1
and church meetings 	1
than in creating an emotionally complex , dramatically satisfying heroine 	1
compassionate 	1
will find in these characters ' foibles a timeless and unique perspective 	1
hugely entertaining from start to finish , featuring a fall from grace that still leaves shockwaves 	1
an ebullient affection 	1
manages to show the gentle and humane side of middle eastern world politics 	1
` realistic ' 	1
nicely done 	1
a summer of good stuff 	1
sustains 	1
fare , with enough creative energy and wit to entertain all ages 	1
the movie is powerful and provocative . 	1
sharp edges and a deep vein of sadness 	1
those who do n't entirely ` get ' godard 's distinctive discourse will still come away with a sense of his reserved but existential poignancy . 	1
like to skip but film buffs should get to know 	1
narrative discipline 	1
samuel l. jackson 	1
is this films reason for being . 	1
the old saying goes , because it 's true 	1
take any 12-year-old boy to see this picture 	1
embracing than monty 	1
get caught up in the thrill of the company 's astonishing growth 	1
it 's on par with the first one 	1
is moody , oozing , chilling and heart-warming all at once 	1
is an accuracy of observation in the work of the director , frank novak , that keeps the film grounded in an undeniable social realism 	1
is in the right place , his plea for democracy and civic action laudable 	1
above most of its ilk 	1
with spy kids 2 : the island of lost dreams , however , robert rodriguez adorns his family-film plot with an elegance and maturity that even most contemporary adult movies are lacking . 	1
is always a joy to watch , even when her material is not first-rate 	1
beloved-major 	1
by no means a great movie , but it is a refreshingly forthright one . 	1
its premise is smart , but 	1
was amused and entertained by the unfolding of bielinsky 's cleverly constructed scenario , and greatly impressed by the skill of the actors involved in the enterprise . 	1
light-hearted 	1
to show us a good time 	1
is one of the year 's best 	1
even witty 	1
a fierce dance 	1
... the lady and the duke surprisingly manages never to grow boring ... which proves that rohmer still has a sense of his audience . 	1
the most wondrous love story in years , it is a great film . 	1
its story about a young chinese woman , ah na , who has come to new york city to replace past tragedy with the american dream 	1
particularly impressive 	1
in the process comes out looking like something wholly original 	1
submerging 	1
nearly as fresh or enjoyable 	1
my great pleasure 	1
fascinating , dark thriller 	1
more of the same from taiwanese auteur tsai ming-liang , which is good news to anyone who 's fallen under the sweet , melancholy spell of this unique director 's previous films . 	1
that 's steeped in mystery and a ravishing , baroque beauty 	1
cool stuff packed into espn 's ultimate x. 	1
a pretty decent kid-pleasing , 	1
of classic romantic comedy to which it aspires 	1
, bigelow demonstrates a breadth of vision and an attention to detail that propels her into the upper echelons of the directing world . 	1
is the refreshingly unhibited enthusiasm that the people , in spite of clearly evident poverty and hardship , bring to their music 	1
give a pretty good overall picture of the situation in laramie following the murder of matthew shepard 	1
the fine line between cheese and earnestness remarkably well 	1
serious movie-goers embarking upon this journey 	1
of survival wrapped in the heart-pounding suspense of a stylish psychological thriller 	1
's funny . 	1
its execution and skill 	1
's coherent , well shot , and tartly 	1
a heartening tale of small victories 	1
suspense , intriguing characters and bizarre bank robberies , 	1
a gritty police thriller with all the dysfunctional family dynamics one could wish for 	1
with a wonderful ensemble cast of characters that bring the routine day to day struggles of the working class to life 	1
nonetheless appreciates the art and reveals a music scene that transcends culture and race . 	1
once folks started hanging out at the barbershop , they never wanted to leave . 	1
sexual and romantic 	1
what begins brightly 	1
every top-notch british actor 	1
a deft sense of humor about itself , a playful spirit and a game cast 	1
will nevertheless find moving 	1
great 	1
provide an intense experience 	1
, this nicholas nickleby finds itself in reduced circumstances -- and , also like its hero , it remains brightly optimistic , coming through in the end . 	1
this is a very funny , heartwarming film . 	1
with such provocative material 	1
with all the dysfunctional family dynamics one could wish for 	1
stylish and 	1
measured against practically any like-themed film other than its oscar-sweeping franchise predecessor 	1
a larger-than-life figure , 	1
is truly gorgeous to behold 	1
devos and cassel have tremendous chemistry -- 	1
the most affecting depictions of a love affair 	1
be surprised at the variety of tones in spielberg 's work 	1
made eddie murphy a movie star and the man has n't aged a day . 	1
yet permits laughter 	1
marked by acute writing and a host of splendid performances . 	1
some serious suspense 	1
an eerily suspenseful , deeply absorbing piece that works as a treatise on spirituality as well as a solid sci-fi thriller 	1
salton sea surprisingly engrossing 	1
can open the door to liberation . 	1
another best of the year selection . 	1
exceptional lead performances 	1
positive impression 	1
that heralds something special 	1
dreamy 	1
the animated sequences are well done and perfectly constructed to convey a sense of childhood imagination 	1
the qualities 	1
get the impression that writer and director burr steers knows the territory 	1
's good to see michael caine whipping out the dirty words and punching people in the stomach again . 	1
sweetheart 	1
it still works . 	1
some writer dude , i think his name was , uh , michael zaidan , was supposed to have like written the screenplay or something , but , dude 	1
a well paced and satisfying little drama 	1
loves 	1
because it was so endlessly , grotesquely , inventive 	1
wrenching performances 	1
kids , spirit 	1
escapes the precious trappings of most romantic comedies , infusing into the story very real 	1
unlike so many other hollywood movies of its ilk 	1
a perceptive , good-natured movie 	1
keep the movie slaloming through its hackneyed elements with enjoyable ease 	1
it 's nice to see piscopo again after all these years 	1
the best of a growing strain of daring films 	1
gripping portrait 	1
it 's actually watchable 	1
an ebullient tunisian film about the startling transformation of a tradition-bound widow who is drawn into the exotic world of belly dancing . 	1
his films 	1
festival 	1
, thought-provoking film 	1
takes off in totally unexpected directions and 	1
is a genre-curling crime story that revives the free-wheeling noir spirit of old french cinema . 	1
can only point the way -- but thank goodness for this signpost 	1
a celebrated wonder in the spotlight 	1
a technically superb film , 	1
to maintain both a level of sophisticated intrigue and human-scale characters that suck the audience in 	1
assured , glossy and shot through with brittle desperation 	1
off-beat and fanciful 	1
its exquisite acting , inventive screenplay , mesmerizing music , and 	1
charlotte sometimes is a gem . 	1
so skeeved out that they 'd need a shower 	1
can outgag any of those young whippersnappers making moving pictures today 	1
epic treatment of a nationwide blight 	1
fresh-faced 	1
mr. nelson has made a film that is an undeniably worthy and devastating experience . 	1
worth a recommendation 	1
bigger 	1
our best achievements and other times 	1
sandra bullock and hugh grant make a great team , 	1
in private 	1
has a caffeinated , sloppy brilliance , sparkling with ideas you wish had been developed with more care , but 	1
makes the banger sisters a fascinating character study with laughs to spare 	1
invigorating about 	1
's mildly entertaining , 	1
it 's about family 	1
life and love 	1
a twist 	1
with leonine power 	1
quiet , patient and tenacious as mr. lopez himself 	1
to set and shoot a movie at the cannes film festival 	1
a smoother , more focused 	1
are relegated to the background -- a welcome step forward from the sally jesse raphael atmosphere of films like philadelphia and american beauty . 	1
zealand coming-of-age movie 	1
dramatize life 's messiness from inside out , in all its strange quirks 	1
p.t. anderson understands the grandness of romance and how love is the great equalizer that can calm us of our daily ills and bring out joys in our lives that we never knew were possible 	1
rises above superficiality . 	1
a sort of geriatric dirty harry , which will please eastwood 's loyal fans -- and suits the story , wherein our hero must ride roughshod over incompetent cops to get his man 	1
masterful british actor ian holm 	1
the hearts and minds 	1
deemed important enough to make a film in which someone has to be hired to portray richard dawson 	1
-- that you should never forget 	1
more than ably 	1
is a monumental achievement 	1
comedic writing 	1
humorous and touching . 	1
it 's easy to love robin tunney 	1
i like that smith , he 's not making fun of these people , he 's not laughing at them . 	1
a guilty-pleasure , daytime-drama sort 	1
more graceful way 	1
will turn out 	1
perfect material 	1
gooding is the energetic frontman , and it 's hard to resist his enthusiasm , even if the filmmakers come up with nothing original in the way of slapstick sequences . 	1
offbeat humor , amusing characters , and a happy ending 	1
there are laughs aplenty , and 	1
lifted from terry gilliam 's subconscious , pressed through kafka 's meat grinder and into buñuel 's casings 	1
that should attract upscale audiences hungry for quality and a nostalgic , twisty yarn that will keep them guessing 	1
excited about on this dvd 	1
should have a stirring time at this beautifully drawn movie 	1
as the remarkable ensemble cast brings them to life 	1
many of the things that made the first one charming 	1
beautiful paean 	1
entertaining and , ultimately , more perceptive 	1
begins like a docu-drama but builds its multi-character story with a flourish . 	1
dickens ' wonderfully sprawling soap opera , the better 	1
the film is , arguably , the most accomplished work to date from hong kong 's versatile stanley kwan . 	1
a treatise on spirituality as well as a solid sci-fi thriller 	1
an all-around good time at the movies 	1
touched by the film 's conviction 	1
a spoof comedy 	1
pointed , often tender , examination 	1
touching reflection 	1
a smartly directed , grown-up film 	1
show-stoppingly hilarious , but scathingly witty 	1
this fascinating portrait of a modern lothario 	1
put together a bold biographical fantasia 	1
slow and ponderous , but rohmer 's drama builds to an intense indoor drama about compassion , sacrifice , and christian love in the face of political corruption . 	1
though the film is well-intentioned , one could rent the original and get the same love story and parable . 	1
an incredibly thoughtful , deeply meditative picture 	1
sharp comedy , old-fashioned monster movie atmospherics , and genuine heart 	1
and satirical touches 	1
a bracing truth that 's refreshing after the phoniness of female-bonding pictures like divine secrets of the ya-ya sisterhood 	1
a heartbreakingly thoughtful minor classic , the work of a genuine and singular artist . 	1
a powerful sequel and one of the best films of the year . 	1
as well-written as sexy beast , not as gloriously flippant as lock , stock and two smoking barrels , but stylish and moody and 	1
a legendary professor 	1
is magnetic as graham 	1
has a bracing truth that 's refreshing after the phoniness of female-bonding pictures like divine secrets of the ya-ya sisterhood . 	1
deserves a place of honor next to nanook as a landmark in film history . 	1
to watch too many barney videos 	1
be able to look away for a second 	1
heartfelt performances 	1
a legacy 	1
smoky and inviting 	1
the wisdom and humor 	1
saw the potential success inherent in the mixture of bullock bubble and hugh goo 	1
the intoxicating fumes and emotional ghosts of a freshly painted rembrandt 	1
coen brothers 	1
no doubt intended the film to affirm love 's power to help people endure almost unimaginable horror 	1
well , it probably wo n't have you swinging from the trees hooting it 's praises , but it 's definitely worth taking a look . 	1
a wonderful tale of love and destiny 	1
the fourth `` pokemon '' is a diverting -- if predictable -- adventure suitable for a matinee , with a message that cautions children about disturbing the world 's delicate ecological balance . 	1
makes a meal of it 	1
most amazing super-sized dosage 	1
laugh-a-minute crowd pleaser 	1
the opulent lushness 	1
( allen ) manages to breathe life into this somewhat tired premise . 	1
went back 	1
good film 	1
a simplistic narrative and 	1
finely written 	1
attentive 	1
a canny crowd pleaser , 	1
real and amusing 	1
a dependable concept 	1
very light 	1
some good material in their story about a retail clerk wanting more out of life 	1
transporting is that it 's also one of the smartest 	1
reminiscent of gong li and a vivid personality 	1
to convince almost everyone that it was put on the screen , just for them 	1
downright intoxicating 	1
with ` bowling for columbine , ' michael moore gives us the perfect starting point for a national conversation about guns , violence , and fear . 	1
energetic 	1
's the inimitable diaz , holding it all together . 	1
bloody beauty as vivid 	1
long and eventful 	1
, after only three films , director/co-writer jacques audiard , though little known in this country , belongs in the very top rank of french filmmakers 	1
has considerable charm 	1
for its extraordinary intelligence and originality 	1
good-bad that makes eight legged freaks a perfectly entertaining summer diversion 	1
kids will love its fantasy and adventure 	1
, to my great pleasure , 	1
one of the most entertaining bonds in years 	1
the moral shrapnel and mental shellshock will linger long after this film has ended . 	1
been written so well , that even a simple `` goddammit 	1
to address his own world war ii experience in his signature style 	1
from others in its genre in that it is does not rely on dumb gags , anatomical humor , or character cliches 	1
draws on an elegant visual sense and a talent 	1
see a movie with its heart 	1
delivers a powerful commentary on how governments lie , no matter who runs them 	1
an admirable reconstruction of terrible events 	1
's a tribute to the actress , and to her inventive director 	1
as john ritter 's glory days 	1
fights a good fight 	1
is god 	1
floating narrative 	1
stand in future years as an eloquent memorial to the world trade center tragedy 	1
does pack some serious suspense . 	1
gripping humanity 	1
's no surprise that as a director washington demands and receives excellent performances , 	1
bound 	1
see the forest for the trees 	1
's a feel-good movie about which you can actually feel good 	1
for one splendidly cast pair 	1
are ... impeccable throughout . 	1
driven by a fantastic dual performance from ian holm ... the film is funny , insightfully human and a delightful lark for history buffs 	1
horror/action hybrid 	1
of the finest films of the year 	1
lives up to the stories and faces and music of the men who are its subject . 	1
that at the very least has a spark of life to it -- more than you can say for plenty of movies that flow through the hollywood pipeline without a hitch 	1
director paul cox 's unorthodox , abstract approach to visualizing nijinsky 's diaries is both stimulating and demanding . 	1
much needed 	1
jones and snipes are enthralling 	1
that this is a serious work by an important director who has something new to say about how , in the flip-flop of courtship , we often reel in when we should be playing out 	1
participation 	1
such master screenwriting comes courtesy of john pogue , the yale grad who previously gave us `` the skulls '' and 	1
still fun and enjoyable 	1
a completely spooky piece of business that gets under your skin and , some plot blips aside , 	1
to please audiences who like movies that demand four hankies 	1
down-to-earth bullock 	1
is an accuracy of observation in the work of the director , frank novak , that keeps the film grounded in an undeniable social realism . 	1
proves once again he has n't lost his touch , bringing off a superb performance in an admittedly middling film 	1
one-hour mark 	1
the first bond movie in ages that is n't fake fun 	1
not constant bloodshed 	1
you can take the grandkids or the grandparents and never worry about anyone being bored 	1
overwhelmingly 	1
spanning nearly three decades of bittersweet camaraderie and history , in which we feel that we truly know what makes holly and marina tick 	1
grows 	1
as it does because ( the leads ) are such a companionable couple 	1
caliber 	1
balanced film 	1
excites the imagination and tickles the funny bone 	1
is built on a potentially interesting idea 	1
been kind enough to share it 	1
liked a lot of the smaller scenes 	1
continues to cut a swathe through mainstream hollywood , while retaining an integrity and refusing to compromise his vision . 	1
there 's real visual charge to the filmmaking , 	1
a river of sadness that pours into every frame 	1
at existing photos 	1
gangs excels in spectacle and pacing . 	1
we want the funk - and this movie 's got it 	1
creates a fluid and mesmerizing sequence of images to match the words of nijinsky 's diaries . 	1
devos and cassel have tremendous chemistry -- their sexual and romantic tension , while never really vocalized , is palpable . 	1
tv 	1
an entertaining british hybrid of comedy , caper thrills and quirky romance . 	1
demonstrating vividly 	1
it 's sweet and fluffy at the time , 	1
marks an encouraging new direction for la salle . 	1
a powerful , inflammatory film 	1
favor of tradition and warmth 	1
begins on a high note and 	1
has much to recommend it 	1
a vibrant , colorful , semimusical rendition 	1
a simple tale 	1
` it 's like having an old friend for dinner ' . 	1
this amiable picture 	1
that keeps dickens evergreen : the exuberant openness with which he expresses our most basic emotions 	1
saves this deeply affecting film 	1
cold , nervy and memorable 	1
manages to nail the spirit-crushing ennui of denuded urban living without giving in to it . 	1
the interviews that follow , with the practitioners of this ancient indian practice , are as subtle and as enigmatic 	1
insanely hilarious 	1
surprise us 	1
relative modesty 	1
coppola , along with his sister , sofia , is a real filmmaker 	1
remove spider-man the movie from its red herring surroundings and it 's apparent that this is one summer film that satisfies . 	1
, if good-hearted , movie . 	1
no pastry is violated 	1
i 'll buy the soundtrack . 	1
hardly an objective documentary , but it 's great cinematic polemic 	1
to the genre and another first-rate performance 	1
an adventurous young talent 	1
predictable in the reassuring manner of a beautifully sung holiday carol 	1
intricate plot 	1
as i laughed throughout the movie 	1
a moral tale with a twisted sense of humor 	1
is the best ` old neighborhood ' project 	1
make italian for beginners worth the journey 	1
most good-hearted 	1
a chilling tale of one of the great crimes of 20th century france 	1
a competent , unpretentious entertainment destined to fill the after-school slot at shopping mall theaters across the country . 	1
poignant and funny 	1
thanks to a small star with big heart 	1
it 's a glorious spectacle like those d.w. griffith made in the early days of silent film . 	1
if you 're a fan of the series you 'll love it and probably want to see it twice . 	1
accents so good 	1
a classy , sprightly spin on film 	1
an original 	1
a thing that already knows it 's won 	1
as punching bags 	1
nothing to sneeze at these days 	1
good-natured 	1
's both degrading and strangely liberating to see people working so hard at leading lives of sexy intrigue , only to be revealed by the dispassionate gantz brothers as ordinary , pasty lumpen 	1
brought to life on the big screen 	1
an entertaining movie 	1
is a very funny , heartwarming film . 	1
that gets under your skin 	1
be half as entertaining as it is 	1
a rollicking adventure for you 	1
ethics 	1
that rare animal known as ' a perfect family film 	1
other feel-good fiascos like antwone fisher or the emperor 's club any time 	1
with real world events 	1
mcgrath has deftly trimmed dickens ' wonderfully sprawling soap opera , the better to focus on the hero 's odyssey from cowering poverty to courage and happiness . 	1
it 's got all the familiar bruckheimer elements , and schumacher does probably as good a job as anyone at bringing off the hopkins/rock collision of acting styles and onscreen personas 	1
acceptable , occasionally very enjoyable 	1
the spy kids franchise establishes itself as a durable part of the movie landscape : a james bond series for kids . 	1
vibrantly colored and beautifully designed , metropolis is a feast for the eyes . 	1
with a deft sense of humor about itself , a playful spirit and a game cast 	1
has a dashing and resourceful hero ; a lisping , reptilian villain ; big fights ; big hair ; lavish period scenery ; and a story just complicated enough to let you bask in your own cleverness as you figure it out . 	1
through their consistently sensitive and often exciting treatment of an ignored people 	1
the picture uses humor and a heartfelt conviction to tell a story about discovering your destination in life , but also acknowledging the places , and the people , from whence you came . 	1
's remarkable procession of sweeping pictures that have reinvigorated the romance genre 	1
manages the rare trick of seeming at once both refreshingly different and reassuringly familiar 	1
daft by half ... but supremely good natured 	1
much power 	1
this picture 	1
increasingly diverse french director 	1
save their children 	1
that 's old-fashioned in all the best possible ways 	1
surprisingly touching 	1
come along that turns me into that annoying specimen of humanity that i usually dread encountering the most - the fanboy 	1
an obvious rapport with her actors 	1
existential exploration 	1
road movie , coming-of-age story and political satire 	1
commercialism all in the same movie ... without neglecting character development for even one minute 	1
amazing 	1
have an opportunity to triumphantly sermonize 	1
open-ended questions 	1
like brosnan 's performance 	1
sense is a movie that deserves recommendation 	1
the road 	1
phrase ` life affirming ' 	1
to the film 's music 	1
and dog lovers 	1
moving tale 	1
oddly humorous to tediously sentimental 	1
grabs you in the dark and shakes you vigorously for its duration . 	1
it 's the type of film about growing up that we do n't see often enough these days : realistic , urgent 	1
has been 	1
does its best to work us over , with second helpings of love , romance , tragedy , false dawns , real dawns , comic relief , two separate crises during marriage ceremonies , and the lush scenery of the cotswolds . 	1
told well by a master 	1
a show forged in still-raw emotions 	1
captivates 	1
the filling 	1
it 's mildly interesting to ponder the peculiar american style of justice that plays out here , but 	1
angelina jolie 's surprising flair for self-deprecating comedy 	1
psychedelic devices , special effects and backgrounds , 	1
a film really has to be exceptional to justify a three hour running time , and 	1
